-- phpMyAdmin SQL Dump
-- version 5.2.0
-- https://www.phpmyadmin.net/
--
-- ホスト: localhost:8889
-- 生成日時: 2023 年 4 月 02 日 04:20
-- サーバのバージョン： 5.7.39
-- PHP のバージョン: 8.2.0

SET SQL_MODE = "NO_AUTO_VALUE_ON_ZERO";
START TRANSACTION;
SET time_zone = "+00:00";


/*!40101 SET @OLD_CHARACTER_SET_CLIENT=@@CHARACTER_SET_CLIENT */;
/*!40101 SET @OLD_CHARACTER_SET_RESULTS=@@CHARACTER_SET_RESULTS */;
/*!40101 SET @OLD_COLLATION_CONNECTION=@@COLLATION_CONNECTION */;
/*!40101 SET NAMES utf8mb4 */;

--
-- データベース: `FredgeApp`
--

-- --------------------------------------------------------

--
-- テーブルの構造 `failed_jobs`
--

CREATE TABLE `failed_jobs` (
  `id` bigint(20) UNSIGNED NOT NULL,
  `uuid` varchar(255) COLLATE utf8mb4_unicode_ci NOT NULL,
  `connection` text COLLATE utf8mb4_unicode_ci NOT NULL,
  `queue` text COLLATE utf8mb4_unicode_ci NOT NULL,
  `payload` longtext COLLATE utf8mb4_unicode_ci NOT NULL,
  `exception` longtext COLLATE utf8mb4_unicode_ci NOT NULL,
  `failed_at` timestamp NOT NULL DEFAULT CURRENT_TIMESTAMP
) ENGINE=InnoDB DEFAULT CHARSET=utf8mb4 COLLATE=utf8mb4_unicode_ci;

-- --------------------------------------------------------

--
-- テーブルの構造 `favorites`
--

CREATE TABLE `favorites` (
  `id` int(11) NOT NULL,
  `user_id` int(11) NOT NULL,
  `recipe_id` int(11) NOT NULL,
  `created_at` datetime NOT NULL,
  `updated_at` datetime NOT NULL ON UPDATE CURRENT_TIMESTAMP
) ENGINE=InnoDB DEFAULT CHARSET=utf8;

--
-- テーブルのデータのダンプ `favorites`
--

INSERT INTO `favorites` (`id`, `user_id`, `recipe_id`, `created_at`, `updated_at`) VALUES
(31, 1, 37, '2023-03-28 09:57:07', '2023-03-28 09:57:07'),
(34, 1, 45, '2023-03-31 03:46:05', '2023-03-31 03:46:05'),
(35, 1, 38, '2023-04-01 22:33:25', '2023-04-01 22:33:25');

-- --------------------------------------------------------

--
-- テーブルの構造 `foods`
--

CREATE TABLE `foods` (
  `id` int(8) NOT NULL COMMENT '食材ID',
  `food` varchar(20) NOT NULL COMMENT '食材名',
  `created_at` datetime NOT NULL DEFAULT CURRENT_TIMESTAMP,
  `updated_at` datetime NOT NULL DEFAULT CURRENT_TIMESTAMP ON UPDATE CURRENT_TIMESTAMP
) ENGINE=InnoDB DEFAULT CHARSET=utf8;

--
-- テーブルのデータのダンプ `foods`
--

INSERT INTO `foods` (`id`, `food`, `created_at`, `updated_at`) VALUES
(1, 'もやし', '2023-03-14 15:50:37', '2023-03-14 15:50:37'),
(2, 'にんじん', '2023-03-14 15:50:37', '2023-03-14 15:50:37'),
(3, 'じゃがいも', '2023-03-14 15:50:37', '2023-03-14 15:50:37'),
(4, 'カレールー', '2023-03-14 15:50:37', '2023-03-14 15:50:37'),
(5, 'たまねぎ', '2023-03-14 15:50:37', '2023-03-14 15:50:37'),
(6, 'ピーマン', '2023-03-14 15:50:37', '2023-03-14 15:50:37'),
(7, '豚切り落とし', '2023-03-14 15:50:37', '2023-03-14 15:50:37'),
(8, '豚こま肉', '2023-03-14 15:50:37', '2023-03-14 15:50:37'),
(9, '豚ひき肉', '2023-03-14 15:50:37', '2023-03-14 15:50:37'),
(10, '鳥もも肉', '2023-03-14 15:50:37', '2023-03-14 15:50:37'),
(11, '鳥むね肉', '2023-03-14 15:50:37', '2023-03-14 15:50:37'),
(12, '長ねぎ', '2023-03-14 15:50:37', '2023-03-14 15:50:37'),
(13, '白菜', '2023-03-14 15:50:37', '2023-03-14 15:50:37'),
(14, 'えのき', '2023-03-14 15:50:37', '2023-03-14 15:50:37'),
(15, 'しめじ', '2023-03-14 15:50:37', '2023-03-14 15:50:37'),
(16, 'エリンギ', '2023-03-14 15:50:37', '2023-03-14 15:50:37'),
(17, 'まいたけ', '2023-03-14 15:50:37', '2023-03-14 15:50:37'),
(18, 'キャベツ', '2023-03-14 15:50:37', '2023-03-14 15:50:37'),
(19, 'レタス', '2023-03-14 15:50:37', '2023-03-14 15:50:37'),
(20, 'にんにく', '2023-03-14 15:50:37', '2023-03-14 15:50:37'),
(21, '生姜', '2023-03-14 15:50:37', '2023-03-14 15:50:37'),
(22, '酒', '2023-03-14 15:50:37', '2023-03-14 15:50:37'),
(23, 'みりん', '2023-03-14 15:50:37', '2023-03-14 15:50:37'),
(24, '醤油', '2023-03-14 15:50:37', '2023-03-14 15:50:37'),
(25, '塩', '2023-03-14 15:50:37', '2023-03-14 15:50:37'),
(26, '酢', '2023-03-14 15:50:37', '2023-03-14 15:50:37'),
(27, '味噌', '2023-03-14 15:50:37', '2023-03-14 15:50:37'),
(28, 'ごま油', '2023-03-14 15:50:37', '2023-03-14 15:50:37'),
(29, 'オリーブオイル', '2023-03-14 15:50:37', '2023-03-14 15:50:37'),
(30, 'サラダ油', '2023-03-14 15:50:37', '2023-03-14 15:50:37'),
(31, '水', '2023-03-14 15:50:37', '2023-03-14 15:50:37'),
(32, '卵', '2023-03-14 15:50:37', '2023-03-14 15:50:37'),
(33, '牛乳', '2023-03-14 15:50:37', '2023-03-14 15:50:37'),
(34, '砂糖', '2023-03-14 15:50:37', '2023-03-14 15:50:37'),
(35, '焼豚', '2023-03-14 15:50:37', '2023-03-14 15:50:37'),
(36, 'グリンピース', '2023-03-14 15:50:37', '2023-03-14 15:50:37'),
(37, '白米', '2023-03-14 15:50:37', '2023-03-14 15:50:37'),
(38, 'ショウガ', '2023-03-14 15:50:37', '2023-03-14 15:50:37'),
(39, 'コショウ', '2023-03-14 15:50:37', '2023-03-14 15:50:37'),
(42, '白滝', '2023-03-14 07:20:42', '2023-03-14 07:20:42'),
(45, '食材', '2023-03-21 02:50:39', '2023-03-21 02:50:39'),
(46, '豆腐', '2023-03-21 05:59:10', '2023-03-21 05:59:10'),
(47, 'ティッシュペーパー', '2023-03-21 07:52:25', '2023-03-21 07:52:25'),
(48, 'シャンプー', '2023-03-21 08:46:59', '2023-03-21 08:46:59'),
(49, 'トマト', '2023-03-21 09:03:40', '2023-03-21 09:03:40'),
(50, 'からあげくん', '2023-03-21 09:29:16', '2023-03-21 09:29:16'),
(51, '鶏むね肉', '2023-03-21 09:44:17', '2023-03-21 09:44:17'),
(52, 'リンス', '2023-03-21 09:47:50', '2023-03-21 09:47:50'),
(71, 'トイレットペーパー', '2023-03-22 03:41:59', '2023-03-22 03:41:59'),
(72, 'わさび', '2023-03-22 03:42:15', '2023-03-22 03:42:15'),
(73, 'からし', '2023-03-22 03:49:06', '2023-03-22 03:49:06'),
(74, '合い挽き肉', '2023-03-22 03:59:28', '2023-03-22 03:59:28'),
(75, '豚肩ロース', '2023-03-22 04:01:08', '2023-03-22 04:01:08'),
(76, 'オイスターソース', '2023-03-22 04:04:50', '2023-03-22 04:04:50'),
(77, 'ニンジン', '2023-03-22 04:05:01', '2023-03-22 04:05:01'),
(78, 'タケノコ', '2023-03-22 04:05:15', '2023-03-22 04:05:15'),
(79, 'パプリカ', '2023-03-22 04:11:14', '2023-03-22 04:11:14'),
(80, '油あげ', '2023-03-22 04:16:17', '2023-03-22 04:16:17'),
(81, '納豆', '2023-03-22 04:17:07', '2023-03-22 04:17:07'),
(82, 'ラー油', '2023-03-22 04:17:50', '2023-03-22 04:17:50'),
(83, 'キムチ', '2023-03-22 04:18:55', '2023-03-22 04:18:55'),
(84, 'バナナ', '2023-03-22 04:19:21', '2023-03-22 04:19:21'),
(85, 'キウイ', '2023-03-22 04:20:17', '2023-03-22 04:20:17'),
(86, 'アボガド', '2023-03-22 04:20:41', '2023-03-22 04:20:41'),
(87, 'アイスキャンディー', '2023-03-22 04:21:14', '2023-03-22 04:21:14'),
(88, 'タマネギ', '2023-03-22 05:18:18', '2023-03-22 05:18:18'),
(89, 'ジャガイモ', '2023-03-22 05:18:26', '2023-03-22 05:18:26'),
(90, '豚肉', '2023-03-22 05:21:25', '2023-03-22 05:21:25'),
(91, 'こんにゃく', '2023-03-22 07:55:25', '2023-03-22 07:55:25'),
(92, 'ごぼう', '2023-03-22 07:55:39', '2023-03-22 07:55:39'),
(93, 'ゴボウ', '2023-03-22 07:56:07', '2023-03-22 07:56:07'),
(94, '白モツ', '2023-03-22 07:56:32', '2023-03-22 07:56:32'),
(95, 'ダイコン', '2023-03-22 07:56:47', '2023-03-22 07:56:47'),
(96, '味の素', '2023-03-22 08:04:26', '2023-03-22 08:04:26'),
(97, 'バター', '2023-03-22 08:16:23', '2023-03-22 08:16:23'),
(98, 'マーガリン', '2023-03-22 08:25:01', '2023-03-22 08:25:01'),
(99, 'チーズ', '2023-03-22 08:26:14', '2023-03-22 08:26:14'),
(100, 'パスタ', '2023-03-22 08:28:48', '2023-03-22 08:28:48'),
(101, 'ベーコン', '2023-03-22 08:35:08', '2023-03-22 08:35:08'),
(102, 'ハチミツ', '2023-03-23 05:02:42', '2023-03-23 05:02:42'),
(103, 'とうもろこし', '2023-03-24 03:51:27', '2023-03-24 03:51:27'),
(104, 'a', '2023-03-26 05:06:55', '2023-03-26 05:06:55'),
(105, 'c', '2023-03-26 05:13:46', '2023-03-26 05:13:46'),
(106, 'b', '2023-03-26 05:31:47', '2023-03-26 05:31:47'),
(107, 'x', '2023-03-26 05:46:42', '2023-03-26 05:46:42'),
(108, 'y', '2023-03-26 05:46:42', '2023-03-26 05:46:42'),
(109, 'z', '2023-03-26 05:46:42', '2023-03-26 05:46:42'),
(110, '材料1', '2023-03-26 05:57:49', '2023-03-26 05:57:49'),
(111, '材料2', '2023-03-26 05:57:49', '2023-03-26 05:57:49'),
(112, '材料3', '2023-03-26 05:57:49', '2023-03-26 05:57:49'),
(113, '牛肉', '2023-03-26 08:04:51', '2023-03-26 08:04:51'),
(114, '材料1new', '2023-03-26 08:59:18', '2023-03-26 08:59:18'),
(115, '材料2new', '2023-03-26 08:59:18', '2023-03-26 08:59:18'),
(116, 'ねぎ', '2023-03-26 09:19:05', '2023-03-26 09:19:05'),
(117, 'チャーシュー', '2023-03-26 09:19:05', '2023-03-26 09:19:05'),
(118, 'ごはん', '2023-03-26 09:53:26', '2023-03-26 09:53:26'),
(119, '胡椒', '2023-03-26 09:53:26', '2023-03-26 09:53:26'),
(120, '牛肉(薄切り)', '2023-03-28 02:36:36', '2023-03-28 02:36:36'),
(121, '●水', '2023-03-28 02:36:36', '2023-03-28 02:36:36'),
(122, '●醤油', '2023-03-28 02:36:36', '2023-03-28 02:36:36'),
(123, '●酒', '2023-03-28 02:36:36', '2023-03-28 02:36:36'),
(124, '●砂糖', '2023-03-28 02:36:36', '2023-03-28 02:36:36'),
(125, '●みりん', '2023-03-28 02:36:36', '2023-03-28 02:36:36'),
(126, '●顆粒和風だし', '2023-03-28 02:36:36', '2023-03-28 02:36:36'),
(127, '●ショウガ', '2023-03-28 02:36:36', '2023-03-28 02:36:36'),
(128, '鶏もも肉', '2023-03-29 02:49:15', '2023-03-29 02:49:15'),
(129, '豚レバー', '2023-03-29 02:59:14', '2023-03-29 02:59:14'),
(130, 'ハム', '2023-03-29 02:59:29', '2023-03-29 02:59:29'),
(131, 'マシュマロ', '2023-03-29 03:06:09', '2023-03-29 03:06:09'),
(132, 'エノキ', '2023-03-29 03:06:24', '2023-03-29 03:06:24'),
(133, 'そうめん', '2023-03-29 03:57:43', '2023-03-29 03:57:43'),
(134, 'アスパラガス', '2023-03-29 04:44:18', '2023-03-29 04:44:18'),
(135, 'ニンニク', '2023-03-29 08:38:35', '2023-03-29 08:38:35'),
(136, '万能ねぎ', '2023-03-29 08:57:28', '2023-03-29 08:57:28'),
(137, '料理酒(下味用)', '2023-03-29 08:57:28', '2023-03-29 08:57:28'),
(138, '薄力粉', '2023-03-29 08:57:28', '2023-03-29 08:57:28'),
(139, '塩コショウ', '2023-03-29 08:57:28', '2023-03-29 08:57:28'),
(140, 'ほうれん草', '2023-03-29 10:00:03', '2023-03-29 10:00:03'),
(141, '岩塩', '2023-03-29 10:00:03', '2023-03-29 10:00:03'),
(142, '黒コショウ', '2023-03-29 10:00:03', '2023-03-29 10:00:03'),
(143, '※味噌', '2023-03-29 10:00:03', '2023-03-29 10:00:03'),
(144, '※マヨネーズ', '2023-03-29 10:00:03', '2023-03-29 10:00:03'),
(145, '※料理酒', '2023-03-29 10:00:03', '2023-03-29 10:00:03'),
(146, '※ニンニク', '2023-03-29 10:00:03', '2023-03-29 10:00:03'),
(147, '※豆板醤', '2023-03-29 10:00:03', '2023-03-29 10:00:03'),
(148, '米油', '2023-03-29 10:00:03', '2023-03-29 10:00:03'),
(149, '料理酒', '2023-03-29 10:02:42', '2023-03-29 10:02:42'),
(150, '片栗粉', '2023-03-29 10:02:56', '2023-03-29 10:02:56'),
(151, '鶏もも', '2023-03-29 10:07:39', '2023-03-29 10:07:39'),
(152, '料理酒(下味)', '2023-03-29 10:07:39', '2023-03-29 10:07:39'),
(153, '醤油(下味)', '2023-03-29 10:07:39', '2023-03-29 10:07:39'),
(154, '★酒', '2023-03-29 10:07:39', '2023-03-29 10:07:39'),
(155, '★みりん', '2023-03-29 10:07:39', '2023-03-29 10:07:39'),
(156, '★醤油', '2023-03-29 10:07:39', '2023-03-29 10:07:39'),
(157, '★砂糖', '2023-03-29 10:07:39', '2023-03-29 10:07:39'),
(158, 'トマトソース缶', '2023-03-29 10:14:50', '2023-03-29 10:14:50'),
(159, '★ケチャップ', '2023-03-29 10:14:50', '2023-03-29 10:14:50'),
(160, '★粉チーズ', '2023-03-29 10:14:50', '2023-03-29 10:14:50'),
(161, '★コンソメ', '2023-03-29 10:14:50', '2023-03-29 10:14:50'),
(162, 'ブロッコリー', '2023-03-29 10:14:50', '2023-03-29 10:14:50'),
(163, 'スナップエンドウ', '2023-03-29 10:48:49', '2023-03-29 10:48:49'),
(164, 'めんつゆ', '2023-03-29 10:48:49', '2023-03-29 10:48:49'),
(165, '鶏ガラスープの素', '2023-03-29 16:08:43', '2023-03-29 16:08:43'),
(166, '舞茸', '2023-03-29 16:21:25', '2023-03-29 16:21:25'),
(167, '顆粒だし', '2023-03-29 16:21:25', '2023-03-29 16:21:25'),
(168, 'サバの味噌煮缶', '2023-03-29 16:21:25', '2023-03-29 16:21:25'),
(169, '豚バラ肉', '2023-03-29 16:29:17', '2023-03-29 16:29:17'),
(170, 'ツナ缶', '2023-03-29 17:08:32', '2023-03-29 17:08:32'),
(171, 'いりごま', '2023-03-29 17:08:32', '2023-03-29 17:08:32'),
(172, 'だし汁', '2023-03-29 17:20:47', '2023-03-29 17:20:47'),
(173, 'ツナ缶の缶汁', '2023-03-29 17:20:47', '2023-03-29 17:20:47'),
(174, 'ちくわ', '2023-03-29 17:27:13', '2023-03-29 17:27:13'),
(175, '★料理酒', '2023-03-29 17:27:13', '2023-03-29 17:27:13'),
(176, 'コチュジャン', '2023-03-29 17:27:13', '2023-03-29 17:27:13'),
(177, 'ビール', '2023-03-29 23:33:47', '2023-03-29 23:33:47'),
(178, 'ナス', '2023-03-30 05:02:38', '2023-03-30 05:02:38'),
(179, 'テッシュペーパー', '2023-03-31 03:43:40', '2023-03-31 03:43:40'),
(180, '材料２', '2023-04-01 22:37:08', '2023-04-01 22:37:08'),
(181, '材料１', '2023-04-01 22:39:13', '2023-04-01 22:39:13'),
(182, '材料３', '2023-04-01 22:41:43', '2023-04-01 22:41:43'),
(183, '材料４', '2023-04-01 22:41:43', '2023-04-01 22:41:43'),
(184, 'ピーナッツ', '2023-04-02 01:33:38', '2023-04-02 01:33:38');

-- --------------------------------------------------------

--
-- テーブルの構造 `food_recipe`
--

CREATE TABLE `food_recipe` (
  `id` int(8) NOT NULL COMMENT 'ID',
  `recipe_id` int(8) NOT NULL COMMENT 'レシピID',
  `food_id` int(8) NOT NULL COMMENT '食材ID',
  `amount` varchar(255) NOT NULL,
  `seasoning` tinyint(1) DEFAULT NULL COMMENT '調味料チェック'
) ENGINE=InnoDB DEFAULT CHARSET=utf8 COMMENT='食材-レシピテーブル';

--
-- テーブルのデータのダンプ `food_recipe`
--

INSERT INTO `food_recipe` (`id`, `recipe_id`, `food_id`, `amount`, `seasoning`) VALUES
(13, 37, 4, '1箱(140g)', NULL),
(14, 37, 113, '250g', NULL),
(15, 37, 88, '中2個(400g)', NULL),
(16, 37, 89, '中2個(300g)', NULL),
(17, 37, 77, '中1本(200g)', NULL),
(18, 37, 30, '大さじ2', NULL),
(19, 37, 31, '1000ml', NULL),
(24, 38, 116, '1/2本', NULL),
(25, 38, 117, '50g', NULL),
(26, 38, 32, '2個', NULL),
(27, 38, 118, '2杯', NULL),
(28, 38, 30, '大さじ2', NULL),
(29, 38, 24, '大さじ1', NULL),
(30, 38, 25, '少々', NULL),
(31, 38, 119, '少々', NULL),
(32, 39, 120, '500g', NULL),
(33, 39, 88, '中1個', NULL),
(34, 39, 121, '500cc', NULL),
(35, 39, 122, '大さじ4', NULL),
(36, 39, 123, '大さじ3', NULL),
(37, 39, 124, '大さじ3', NULL),
(38, 39, 125, '大さじ2', NULL),
(39, 39, 126, '小さじ2', NULL),
(40, 39, 127, '適量', NULL),
(41, 40, 51, '2枚', NULL),
(42, 40, 25, '小さじ1', NULL),
(43, 40, 34, '大さじ1', NULL),
(44, 40, 135, '1かけ', NULL),
(45, 41, 135, '1かけ', NULL),
(46, 41, 51, '1枚', NULL),
(47, 41, 136, '適量', NULL),
(48, 41, 137, '大さじ1', NULL),
(49, 41, 138, 'サラダ油', NULL),
(50, 41, 139, '少々', NULL),
(51, 41, 22, '大さじ1', NULL),
(52, 41, 23, '大さじ2', NULL),
(53, 41, 24, '大さじ1', NULL),
(54, 41, 97, '10g', NULL),
(55, 42, 140, '1束', NULL),
(56, 42, 51, '360g', NULL),
(57, 42, 141, 'ふたつまみ', NULL),
(58, 42, 142, 'ふたつまみ', NULL),
(59, 42, 132, '140g', NULL),
(60, 42, 143, '小さじ1', NULL),
(61, 42, 144, '大さじ1', NULL),
(62, 42, 145, '大さじ1', NULL),
(63, 42, 146, '2センチ', NULL),
(64, 42, 147, '小さじ1/2', NULL),
(65, 42, 148, '適量', NULL),
(66, 43, 89, '4個', NULL),
(67, 43, 151, '１枚', NULL),
(68, 43, 152, '大さじ１', NULL),
(69, 43, 153, '大さじ１', NULL),
(70, 43, 150, '大さじ1.5', NULL),
(71, 43, 154, '大さじ１', NULL),
(72, 43, 155, '大さじ１', NULL),
(73, 43, 156, '大さじ１', NULL),
(74, 43, 157, '大さじ１', NULL),
(75, 43, 97, '１０g', NULL),
(76, 44, 88, '中１個', NULL),
(77, 44, 135, '１かけ', NULL),
(78, 44, 128, '５００g', NULL),
(79, 44, 97, '２０g', NULL),
(80, 44, 29, '大さじ１', NULL),
(81, 44, 158, '１缶', NULL),
(82, 44, 159, '大さじ１', NULL),
(83, 44, 160, '大さじ１', NULL),
(84, 44, 161, '小さじ１', NULL),
(85, 44, 162, '５０g', NULL),
(86, 45, 88, '1/2個', NULL),
(87, 45, 128, '150g', NULL),
(88, 45, 46, '半丁', NULL),
(89, 45, 163, '４本', NULL),
(90, 45, 164, '７０cc', NULL),
(91, 45, 23, '５０cc', NULL),
(92, 45, 24, '大さじ２', NULL),
(93, 45, 34, '大さじ１', NULL),
(94, 46, 113, '300g', NULL),
(95, 46, 12, '１本', NULL),
(96, 46, 6, '２個', NULL),
(97, 46, 25, 'ひとつまみ', NULL),
(98, 46, 34, '小さじ１', NULL),
(99, 46, 165, '大さじ１', NULL),
(100, 46, 28, '大さじ1/2', NULL),
(101, 46, 24, '大さじ１', NULL),
(102, 47, 31, '３００cc', NULL),
(103, 47, 166, '1/4パック', NULL),
(104, 47, 167, '小さじ１', NULL),
(105, 47, 12, '1/2本', NULL),
(106, 47, 168, '１缶', NULL),
(107, 47, 27, '小さじ２', NULL),
(108, 48, 12, '１本', NULL),
(109, 48, 169, '４枚', NULL),
(110, 48, 150, '大さじ１', NULL),
(111, 48, 149, '大さじ１', NULL),
(112, 48, 29, '大さじ１', NULL),
(113, 48, 24, '大さじ１', NULL),
(114, 48, 23, '大さじ２', NULL),
(115, 49, 77, '小２本', NULL),
(116, 49, 170, '１缶', NULL),
(117, 49, 167, '小さじ１', NULL),
(118, 49, 24, '大さじ１', NULL),
(119, 49, 149, '小さじ１', NULL),
(120, 49, 32, 'L１個', NULL),
(121, 49, 171, '少々', NULL),
(122, 50, 95, '４００g', NULL),
(123, 50, 77, '１本', NULL),
(124, 50, 170, '１缶', NULL),
(125, 50, 172, '４００cc', NULL),
(126, 50, 34, '大さじ１', NULL),
(127, 50, 23, '大さじ１', NULL),
(128, 50, 149, '大さじ１', NULL),
(129, 50, 24, '大さじ１〜２', NULL),
(130, 50, 173, '半分くらい', NULL),
(131, 51, 77, '３本', NULL),
(132, 51, 174, '１袋', NULL),
(133, 51, 91, '１袋', NULL),
(134, 51, 28, '大さじ１', NULL),
(135, 51, 156, '大さじ２', NULL),
(136, 51, 157, '大さじ１', NULL),
(137, 51, 175, '大さじ１', NULL),
(138, 51, 155, '大さじ１', NULL),
(139, 51, 176, '小さじ２', NULL),
(140, 52, 110, '分量１', NULL),
(141, 52, 180, '分量２', NULL),
(142, 53, 181, '分量１', NULL),
(143, 53, 180, '分量２', NULL),
(144, 54, 181, '分量１', NULL),
(145, 54, 180, '分量２', NULL),
(146, 54, 182, '分量３', NULL),
(147, 54, 183, '分量４', NULL);

-- --------------------------------------------------------

--
-- テーブルの構造 `fridges`
--

CREATE TABLE `fridges` (
  `id` int(8) NOT NULL COMMENT '冷蔵庫ID',
  `food_id` int(8) NOT NULL COMMENT '食材ID',
  `user_id` int(8) NOT NULL COMMENT 'ユーザID',
  `stock` int(8) NOT NULL DEFAULT '1' COMMENT '在庫数',
  `expiry` date DEFAULT NULL COMMENT '消費期限',
  `created_at` datetime NOT NULL DEFAULT CURRENT_TIMESTAMP,
  `updated_at` datetime NOT NULL DEFAULT CURRENT_TIMESTAMP ON UPDATE CURRENT_TIMESTAMP
) ENGINE=InnoDB DEFAULT CHARSET=utf8 COMMENT='冷蔵庫の中身';

--
-- テーブルのデータのダンプ `fridges`
--

INSERT INTO `fridges` (`id`, `food_id`, `user_id`, `stock`, `expiry`, `created_at`, `updated_at`) VALUES
(1, 4, 1, 3, '2023-10-25', '2023-03-16 19:07:34', '2023-03-24 03:07:43'),
(2, 12, 1, 3, '2023-04-14', '2023-03-16 19:07:34', '2023-03-25 02:47:04'),
(8, 93, 1, 2, '2023-04-21', '2023-03-23 03:31:17', '2023-03-25 02:47:12'),
(9, 91, 1, 4, '2023-05-01', '2023-03-23 03:31:17', '2023-03-25 02:47:39'),
(12, 27, 1, 1, '2024-02-27', '2023-03-23 03:55:13', '2023-03-29 15:57:52'),
(24, 100, 1, 2, '2024-01-31', '2023-03-23 04:15:31', '2023-03-24 03:24:52'),
(31, 102, 1, 2, '2023-12-03', '2023-03-23 05:02:42', '2023-03-31 10:49:22'),
(37, 97, 1, 1, '2023-05-17', '2023-03-23 08:18:23', '2023-03-24 03:24:38'),
(40, 99, 1, 1, '2023-08-15', '2023-03-23 08:18:23', '2023-03-29 23:20:12'),
(44, 77, 1, 3, '2023-04-03', '2023-03-24 07:24:57', '2023-04-01 22:47:37'),
(53, 134, 1, 2, '2023-04-30', '2023-03-29 04:44:18', '2023-03-29 04:44:18'),
(55, 129, 1, 3, '2023-04-12', '2023-03-29 08:39:16', '2023-04-02 01:15:01'),
(56, 101, 1, 3, '2023-04-05', '2023-03-29 08:39:16', '2023-03-29 17:28:52'),
(58, 78, 1, 2, '2023-04-14', '2023-03-29 08:39:16', '2023-03-30 05:07:22'),
(59, 49, 1, 2, '2023-04-04', '2023-03-29 08:39:16', '2023-04-02 01:25:21'),
(60, 39, 1, 1, NULL, '2023-03-29 08:39:16', '2023-03-29 08:39:16'),
(63, 135, 1, 1, '2023-04-21', '2023-03-29 08:39:16', '2023-03-30 05:07:01'),
(68, 89, 1, 1, NULL, '2023-03-29 15:34:58', '2023-03-29 15:34:58'),
(69, 150, 1, 1, NULL, '2023-03-29 15:34:58', '2023-03-29 15:34:58'),
(71, 97, 1, 1, '2023-06-01', '2023-03-29 15:34:58', '2023-03-30 05:07:09'),
(72, 31, 1, 1, NULL, '2023-03-29 15:57:04', '2023-03-29 15:57:04'),
(74, 32, 1, 1, '2023-04-06', '2023-03-30 04:44:17', '2023-03-30 05:04:51'),
(75, 13, 1, 1, NULL, '2023-03-30 04:44:17', '2023-03-30 04:44:17'),
(76, 81, 1, 1, NULL, '2023-03-30 04:44:17', '2023-03-30 04:44:17'),
(77, 33, 1, 1, NULL, '2023-03-30 04:44:17', '2023-03-30 04:44:17'),
(78, 177, 1, 1, NULL, '2023-03-30 04:44:17', '2023-03-30 04:44:17'),
(79, 23, 1, 1, NULL, '2023-03-30 04:44:17', '2023-03-30 04:44:17'),
(80, 82, 1, 1, NULL, '2023-03-30 04:44:17', '2023-03-30 04:44:17'),
(81, 32, 1, 1, '2023-04-14', '2023-03-30 05:05:11', '2023-03-30 05:05:11'),
(82, 178, 1, 1, '2023-04-07', '2023-03-30 05:05:30', '2023-03-30 05:06:54'),
(83, 169, 1, 1, '2023-04-05', '2023-03-30 05:05:30', '2023-03-30 05:07:40'),
(84, 25, 1, 1, NULL, '2023-03-30 05:05:30', '2023-03-30 05:05:30'),
(85, 39, 1, 1, NULL, '2023-03-30 05:05:30', '2023-03-30 05:05:30'),
(86, 27, 1, 1, NULL, '2023-03-30 05:05:30', '2023-03-30 05:05:30'),
(87, 34, 1, 1, NULL, '2023-03-30 05:05:30', '2023-03-30 05:05:30'),
(88, 24, 1, 1, NULL, '2023-03-30 05:05:30', '2023-03-30 05:05:30'),
(89, 149, 1, 1, NULL, '2023-03-30 05:05:30', '2023-03-30 05:05:30'),
(90, 23, 1, 1, NULL, '2023-03-30 05:05:30', '2023-03-30 05:05:30'),
(92, 30, 1, 1, '2024-01-04', '2023-03-30 05:27:41', '2023-03-30 05:27:41'),
(106, 142, 1, 1, NULL, '2023-04-01 22:27:27', '2023-04-01 22:27:27'),
(107, 88, 1, 1, '2023-04-02', '2023-04-01 22:47:26', '2023-04-02 03:16:45'),
(112, 184, 1, 2, NULL, '2023-04-02 01:33:38', '2023-04-02 01:33:38');

-- --------------------------------------------------------

--
-- テーブルの構造 `images`
--

CREATE TABLE `images` (
  `id` bigint(20) UNSIGNED NOT NULL,
  `name` varchar(255) COLLATE utf8mb4_unicode_ci NOT NULL,
  `path` varchar(255) COLLATE utf8mb4_unicode_ci NOT NULL,
  `created_at` timestamp NULL DEFAULT NULL,
  `updated_at` timestamp NULL DEFAULT NULL
) ENGINE=InnoDB DEFAULT CHARSET=utf8mb4 COLLATE=utf8mb4_unicode_ci;

-- --------------------------------------------------------

--
-- テーブルの構造 `memos`
--

CREATE TABLE `memos` (
  `id` int(8) NOT NULL COMMENT '買い物メモID',
  `food_id` int(8) NOT NULL COMMENT '食材ID',
  `user_id` int(8) NOT NULL COMMENT 'ユーザID',
  `purchase` int(8) NOT NULL DEFAULT '1' COMMENT '購入数',
  `on_check` tinyint(1) NOT NULL DEFAULT '0' COMMENT '購入チェック',
  `created_at` datetime NOT NULL DEFAULT CURRENT_TIMESTAMP,
  `updated_at` datetime NOT NULL DEFAULT CURRENT_TIMESTAMP ON UPDATE CURRENT_TIMESTAMP
) ENGINE=InnoDB DEFAULT CHARSET=utf8 COMMENT='買い物メモ';

-- --------------------------------------------------------

--
-- テーブルの構造 `migrations`
--

CREATE TABLE `migrations` (
  `id` int(10) UNSIGNED NOT NULL,
  `migration` varchar(255) COLLATE utf8mb4_unicode_ci NOT NULL,
  `batch` int(11) NOT NULL
) ENGINE=InnoDB DEFAULT CHARSET=utf8mb4 COLLATE=utf8mb4_unicode_ci;

--
-- テーブルのデータのダンプ `migrations`
--

INSERT INTO `migrations` (`id`, `migration`, `batch`) VALUES
(1, '2014_10_12_000000_create_users_table', 1),
(2, '2014_10_12_100000_create_password_reset_tokens_table', 1),
(3, '2019_08_19_000000_create_failed_jobs_table', 1),
(4, '2019_12_14_000001_create_personal_access_tokens_table', 1),
(5, '2023_03_09_070639_create_images_table', 2);

-- --------------------------------------------------------

--
-- テーブルの構造 `password_reset_tokens`
--

CREATE TABLE `password_reset_tokens` (
  `email` varchar(255) COLLATE utf8mb4_unicode_ci NOT NULL,
  `token` varchar(255) COLLATE utf8mb4_unicode_ci NOT NULL,
  `created_at` timestamp NULL DEFAULT NULL
) ENGINE=InnoDB DEFAULT CHARSET=utf8mb4 COLLATE=utf8mb4_unicode_ci;

-- --------------------------------------------------------

--
-- テーブルの構造 `personal_access_tokens`
--

CREATE TABLE `personal_access_tokens` (
  `id` bigint(20) UNSIGNED NOT NULL,
  `tokenable_type` varchar(255) COLLATE utf8mb4_unicode_ci NOT NULL,
  `tokenable_id` bigint(20) UNSIGNED NOT NULL,
  `name` varchar(255) COLLATE utf8mb4_unicode_ci NOT NULL,
  `token` varchar(64) COLLATE utf8mb4_unicode_ci NOT NULL,
  `abilities` text COLLATE utf8mb4_unicode_ci,
  `last_used_at` timestamp NULL DEFAULT NULL,
  `expires_at` timestamp NULL DEFAULT NULL,
  `created_at` timestamp NULL DEFAULT NULL,
  `updated_at` timestamp NULL DEFAULT NULL
) ENGINE=InnoDB DEFAULT CHARSET=utf8mb4 COLLATE=utf8mb4_unicode_ci;

-- --------------------------------------------------------

--
-- テーブルの構造 `pre-recipes`
--

CREATE TABLE `pre-recipes` (
  `id` int(8) NOT NULL COMMENT 'レシピID',
  `title` varchar(255) NOT NULL COMMENT '料理名',
  `user_id` int(8) NOT NULL COMMENT '投稿者ID',
  `image` varchar(255) DEFAULT NULL COMMENT 'イメージパス',
  `recipe` text NOT NULL COMMENT 'レシピ',
  `created_at` timestamp NULL DEFAULT CURRENT_TIMESTAMP,
  `updated_at` datetime DEFAULT CURRENT_TIMESTAMP,
  `food_id1` int(8) NOT NULL COMMENT '材料1',
  `food_id2` int(8) DEFAULT NULL,
  `food_id3` int(8) DEFAULT NULL,
  `food_id4` int(8) DEFAULT NULL,
  `food_id5` int(8) DEFAULT NULL,
  `food_id6` int(8) DEFAULT NULL,
  `food_id7` int(8) DEFAULT NULL,
  `food_id8` int(8) DEFAULT NULL,
  `food_id9` int(8) DEFAULT NULL,
  `food_id10` int(8) DEFAULT NULL,
  `food_id11` int(8) DEFAULT NULL,
  `food_id12` int(8) DEFAULT NULL,
  `food_id13` int(8) DEFAULT NULL,
  `food_id14` int(8) DEFAULT NULL,
  `food_id15` int(8) DEFAULT NULL,
  `food_id16` int(8) DEFAULT NULL,
  `food_id17` int(8) DEFAULT NULL,
  `food_id18` int(8) DEFAULT NULL,
  `food_id19` int(8) DEFAULT NULL,
  `food_id20` int(8) DEFAULT NULL,
  `amount1` varchar(20) NOT NULL COMMENT '分量1',
  `amount2` varchar(20) DEFAULT NULL,
  `amount3` varchar(20) DEFAULT NULL,
  `amount4` varchar(20) DEFAULT NULL,
  `amount5` varchar(20) DEFAULT NULL,
  `amount6` varchar(20) DEFAULT NULL,
  `amount7` varchar(20) DEFAULT NULL,
  `amount8` varchar(20) DEFAULT NULL,
  `amount9` varchar(20) DEFAULT NULL,
  `amount10` varchar(20) DEFAULT NULL,
  `amount11` varchar(20) DEFAULT NULL,
  `amount12` varchar(20) DEFAULT NULL,
  `amount13` varchar(20) DEFAULT NULL,
  `amount14` varchar(20) DEFAULT NULL,
  `amount15` varchar(20) DEFAULT NULL,
  `amount16` varchar(20) DEFAULT NULL,
  `amount17` varchar(20) DEFAULT NULL,
  `amount18` varchar(20) DEFAULT NULL,
  `amount19` varchar(20) DEFAULT NULL,
  `amount20` varchar(20) DEFAULT NULL
) ENGINE=InnoDB DEFAULT CHARSET=utf8;

-- --------------------------------------------------------

--
-- テーブルの構造 `recipes`
--

CREATE TABLE `recipes` (
  `id` int(8) NOT NULL COMMENT 'ID',
  `title` varchar(255) NOT NULL COMMENT '料理名',
  `user_id` int(8) NOT NULL COMMENT 'ユーザID',
  `image` varchar(255) DEFAULT NULL COMMENT '料理画像パス',
  `recipe` text NOT NULL COMMENT 'レシピ',
  `created_at` datetime NOT NULL DEFAULT CURRENT_TIMESTAMP,
  `updated_at` datetime NOT NULL DEFAULT CURRENT_TIMESTAMP
) ENGINE=InnoDB DEFAULT CHARSET=utf8 COMMENT='レシピテーブル';

--
-- テーブルのデータのダンプ `recipes`
--

INSERT INTO `recipes` (`id`, `title`, `user_id`, `image`, `recipe`, `created_at`, `updated_at`) VALUES
(37, 'カレー', 1, 'storage/foods/カレー.jpeg', '1: タマネギは縦半分に切り、平らな面を下にして芯などを取り除き、放射線状のくし切りにします。\r\n\r\n2: ジャガイモは縦半分に切り、さらに半分に切ったものを2等分にします。1個を6~8等分に切り分けるのが目安です。\r\n\r\n3: ニンジンは縦半分に切り、平らな面を下にして3cmくらいの大きさの乱切りにします。\r\n\r\n4: 厚手の鍋にサラダ油を熱し、牛肉、タマネギ、ジャガイモ、ニンジンを入れ、肉に焼き目がつき、タマネギがしんなりするまで炒めます。\r\n\r\n5: 水を加え、沸騰したら灰汁を取ります。\r\n\r\n6: 具材が柔らかくなるまで弱火〜中火で役15分煮込みます。\r\n\r\n7: 一旦火を止め、沸騰が収まってからルウを割り入れてよく溶かします。\r\n\r\n8: 再び弱火で時々かき混ぜながら、とろみがつくまで役10分煮込んで出来上がりです。', '2023-03-26 08:04:51', '2023-03-26 08:04:51'),
(38, 'チャーハン', 1, 'storage/foods/チャーハン.jpeg', '(1)ネギはみじん切りにする。チャーシューは1cm角に切る卵は溶きほぐしておく。\r\n\r\n(2)ボウルにご飯、油大さじ1を入れ、しゃもじなどでご飯をほぐす。\r\n\r\n(3)ご飯に(1)の卵を入れ、菜箸でしっかりほぐしながら混ぜる。\r\n\r\n(4)フライパンに油大さじ1を強火で熱し、十分に温まったら中火にし、(3)を入れ木ベラなどでご飯を全体に広げる。ご飯を潰さないよう、木べらを寝かせて小刻みに動かすようにして炒める。\r\n\r\n(5)4~5分炒め、ご飯がパラパラしてきたら、ねぎ、チャーシューを加えて炒め合わせる。全体が混ざったら一旦火を止め、フライパンの真ん中をあけ、醤油を加える。\r\n\r\n(6)再び中火にかけ、醤油がジュっとか降り立ったら全体を炒め合わせて塩、コショウで味を調える。', '2023-03-26 08:56:10', '2023-03-29 06:12:38'),
(39, '牛丼', 1, 'storage/foods/牛丼.jpeg', '(1)鍋に●を入れます\r\n\r\n(2)くし形に切った玉ねぎを入れて、中火で5分煮込みます。\r\n\r\n(3)牛肉をほぐしながら加え、弱めの中火でさらに15分煮込んで完成です。', '2023-03-28 02:36:36', '2023-03-28 03:16:10'),
(40, '鶏ハム', 1, 'storage/foods/鶏ハム.png', '(1)鶏皮を剥いで、胸肉をキッチンペーパーで拭いてから、ジップロックに鶏むね肉を入れる(空気を抜く)\r\n\r\n(2)砂糖と塩を入れて全体に回るように揉み込んで、冷蔵庫で一晩置く\r\n\r\n(3)常温に30分ほど戻して、炊飯器の中にジップロックと熱湯を入れて保温のボタンをスイッチオン\r\n\r\n(4)1時間したら、保温のスイッチを切って、冷めるまで放置したら完成', '2023-03-29 08:46:20', '2023-03-29 15:28:56'),
(41, '鶏むね肉のガリバタチキン', 1, 'storage/foods/7e7d85801abfff377c312bfffc877dc7.webp', '(1)ニンニクはスライスする。鶏胸肉は一口大にきる。万能ネギは小口切りにする。\r\n\r\n(2)ビニール袋に鶏むね肉、酒、塩コショウを加えて揉み込み、薄力粉を加えて全体にまぶすように振る。\r\n\r\n(3)フライパンにサラダ油を入れて弱火で温める。ニンニクを入れてきつね色になるまでじっくり炒めて取り出す。\r\n\r\n(4)鶏むね肉を加えて中火にする。両面焼き色をつけ、火が通るまで焼く。', '2023-03-29 08:57:28', '2023-03-29 08:57:28'),
(42, 'ほうれん草と鶏むね肉の味噌マヨネーズ', 1, 'storage/foods/ec79e7cd3018f05a9a2b9c3f91dcf44a.webp', '(1)ほうれん草はしっかり洗い、4センチにカットする。エノキは細く裂いておく。鶏むね肉は細長くカットし、岩塩、黒コショウで下味をつける。※を合わせる。\r\n\r\n(2)耐熱容器に、びしゃびしゃのほうれん草を入れ、ラップし、レンジで2分\r\n\r\n(3)3分ほど水に放置し、水気を切る\r\n\r\n(4) 米油を熱し、鶏むね肉を焼く\r\n\r\n(5)ひっくり返したら、弱火にして2分くらい蓋をする\r\n\r\n(6) えのきをのせたら蓋をする弱火で2分\r\n\r\n(7)蓋を開け、ほうれん草を加える。手早く混ぜ合わせたら、※を加える。', '2023-03-29 10:00:03', '2023-03-29 10:00:03'),
(43, 'ジャガイモと鶏ももの照りバター炒め', 1, 'storage/foods/2d8c06a1642daedd5a839d68e787c5fe.webp', '(1)ジャガイモをよく洗って芽を取り、４等分にする。\r\n\r\n(2)(1)を耐熱容器に入れてラップをかけ、700Wで5分レンチンする\r\n\r\n(3)鶏ももに【下味】を揉みこんで10分ほど置く\r\n\r\n(4)(3)に片栗粉をまぶし、油をしいたフライパンで炒める\r\n\r\n(5)鶏ももに火が通ったら、ジャガイモを加える\r\n\r\n(6)さっと炒め合わせ、★を加えて絡めながら煮詰める\r\n\r\n(7)照りが出てきたらバターを加え、全体に絡めて完成！', '2023-03-29 10:07:39', '2023-03-29 10:07:39'),
(44, '鶏もも肉のコクうまトマト煮', 1, 'storage/foods/858049800095823a20517ce40efedf2c.webp', '(1)玉ねぎは薄切り、にんにくはみじん切り、鶏もも肉は食べやすい大きなに切り、塩コショウをする。\r\n\r\n(2)ブロッコリーを茹でてザルに揚げて冷ましておく。\r\n\r\n(3)フライパンにバターとニンニクのみじん切りを入れ香りを立たせ、中火で鶏もも肉の皮から焼く。\r\n\r\n(4)両面に焼き色がついたら、１度お皿に取り出す。\r\n\r\n(5)フライパンにオリーブオイルを足して玉ねぎを炒める\r\n\r\n(6)玉ねぎがしんなりしてきたら、とりもも肉をフライパンへ戻してトマトソース缶と★の調味料を入れる。\r\n\r\n(7)よく混ぜたら蓋をして弱火で5分煮込む。\r\n\r\n(8)ブロッコリーを食べやすいサイズにし彩り良く乗せたら鶏もも肉のコクうまトマトソース煮の出来上がり♪', '2023-03-29 10:14:50', '2023-03-29 10:14:50'),
(45, '鶏もも卵とじ', 1, 'storage/foods/鶏もも卵とじ.webp', '(1)フライパンにタマネギ、鶏肉、豆腐等具材を並べる。玉ねぎの上に他の具を乗せる感じです。\r\n\r\n(2)めんつゆ、みりん、砂糖、醤油を混ぜたタレを作り、フライパンに入れ煮込む。\r\n\r\n(3)鶏肉に火が入ったら、溶き卵を入れ蓋をして、半熟くらいで完成です。', '2023-03-29 10:48:49', '2023-03-29 10:48:49'),
(46, '牛肉と長ねぎの炒め物', 1, 'storage/foods/牛肉と長ネギの炒め物.png', '(1)牛肉は食べやすい大きさに切ります。\r\n\r\n(2)長ねぎは斜め薄切り、ピーマンは細切りにします。\r\n\r\n(3)フライパンにごま油を強めの中火で熱し、2に塩と砂糖を加えてサッと炒めます。\r\n\r\n(4)3と鶏ガラ、醤油を加え、さらに1〜2分炒めます。\r\n\r\n(5)全体に火が通ったら火を止め、お皿に盛って完成です。', '2023-03-29 16:08:43', '2023-03-29 16:08:43'),
(47, 'サバ缶と長ねぎの味噌汁', 1, 'storage/foods/サバと長ねぎ2.png', '(1)水300ml、舞茸、顆粒だしを火にかける。\r\n\r\n(2)長ネギを斜めに切り、(1)に加える\r\n\r\n(3)サバの味噌煮缶を汁ごと入れる\r\n\r\n(4)味噌をとく。\r\n\r\n(5)好みの大きさにサバを潰す。', '2023-03-29 16:21:25', '2023-03-29 16:22:56'),
(48, '長ねぎの肉まき', 1, 'storage/foods/長ねぎの肉まき.png', '(1)豚ばらに片栗粉をまぶしたら長ネギを巻き、表面にもまぶす。巻きが取れそうな場合爪楊枝で固定する。\r\n\r\n(2)巻き目を下にしてオリーブオイルで7分こんがり焼く。酒大さじ1を加え3分蒸し焼き。長ネギが柔らかくなってくればOK\r\n\r\n(3)しょうゆ1みりん2を加えとろみがつくまで焼く。タレがしっかり絡めばOK\r\n\r\n(4)1口サイズにカット', '2023-03-29 16:29:17', '2023-03-29 16:29:17'),
(49, 'ニンジンしりしり', 1, 'storage/foods/7595c68c9ecae411cff1da0d38eb21e9.webp', '(1)人参をスライサーで千切りにする\r\n\r\n(2)ツナ缶の油をフライパンにいれ、にんじんが柔らかくなるまで炒める\r\n\r\n(3)ツナ缶を入れて混ぜる\r\n\r\n(4)顆粒だし、醤油、酒を入れて混ぜる\r\n\r\n(5)卵を入れて炒める', '2023-03-29 17:08:32', '2023-03-29 17:08:32'),
(50, '大根とニンジンとツナの煮物', 1, 'storage/foods/2ab7d4dee9178c33b95aaa4dcda0cbb2.webp', '(1)大根は皮をむいて銀杏切りにする。鍋に大根とかぶる程度の水入れて透き通るくらいまで茹でてざるに入れる。人参は半月切りにする\r\n\r\n(2)大根は皮をむいて銀杏切りにする。鍋に大根とかぶる程度の水入れて透き通るくらいまで茹でてざるに入れる。人参は半月切りにする\r\n\r\n(3)大根は皮をむいて銀杏切りにする。鍋に大根とかぶる程度の水入れて透き通るくらいまで茹でてざるに入れる。人参は半月切りにする', '2023-03-29 17:20:47', '2023-03-29 17:20:47'),
(51, 'にんじんとこんにゃくの炒め煮', 1, 'storage/foods/53b368fd960cb8d1ae911188703ef39b.webp', '(1)にんじんとちくわを小さめの乱切りにする。こんにゃくはスプーンで1口大にちぎり、熱湯で5分茹でる。\r\n\r\n(2)フライパンにごま油を中火で熱し、にんじんとこんにゃくを炒める。\r\n\r\n(3)全体に油が回ったら、ちくわを加えて弱火で炒め、☆と水(分量外)を加えて汁気がなくなるまで炒める。', '2023-03-29 17:27:13', '2023-03-29 17:27:13');

-- --------------------------------------------------------

--
-- テーブルの構造 `users`
--

CREATE TABLE `users` (
  `id` bigint(20) UNSIGNED NOT NULL,
  `name` varchar(255) COLLATE utf8mb4_unicode_ci NOT NULL,
  `email` varchar(255) COLLATE utf8mb4_unicode_ci NOT NULL,
  `email_verified_at` timestamp NULL DEFAULT NULL,
  `password` varchar(255) COLLATE utf8mb4_unicode_ci NOT NULL,
  `remember_token` varchar(100) COLLATE utf8mb4_unicode_ci DEFAULT NULL,
  `created_at` timestamp NULL DEFAULT NULL,
  `updated_at` timestamp NULL DEFAULT NULL
) ENGINE=InnoDB DEFAULT CHARSET=utf8mb4 COLLATE=utf8mb4_unicode_ci;

--
-- テーブルのデータのダンプ `users`
--

INSERT INTO `users` (`id`, `name`, `email`, `email_verified_at`, `password`, `remember_token`, `created_at`, `updated_at`) VALUES
(1, 'テスト', 'test@test.jp', NULL, '$2y$10$VcsOqZHqhUr.XDpWFq6uTueV4r7R/YE6f4/2WF/ACmERXQYlkgybq', 'nPxkQ45mGNfFzZXrtj9kQtPWf2i65ssk4s0i4EVgM6TnVXavgQK75ONzj6Lr', '2023-03-06 19:27:19', '2023-03-29 17:05:37'),
(2, '山田太郎', 'test@email.com', NULL, '$2y$10$E94gfyTbczSgZju.6YX1O.z7lamO/26IUDm9fNaWUM8yQbnsy9Gli', NULL, '2023-03-30 00:36:46', '2023-03-30 00:36:46'),
(4, 'test', 'test@test.co.jp', NULL, '$2y$10$mda7xrm7OmZKWHw5wleQ5erLPjOdr9Tj2b4KgJ6v3rgRENNHczAPO', NULL, '2023-04-01 13:04:33', '2023-04-01 13:04:33');

--
-- ダンプしたテーブルのインデックス
--

--
-- テーブルのインデックス `failed_jobs`
--
ALTER TABLE `failed_jobs`
  ADD PRIMARY KEY (`id`),
  ADD UNIQUE KEY `failed_jobs_uuid_unique` (`uuid`);

--
-- テーブルのインデックス `favorites`
--
ALTER TABLE `favorites`
  ADD PRIMARY KEY (`id`);

--
-- テーブルのインデックス `foods`
--
ALTER TABLE `foods`
  ADD PRIMARY KEY (`id`);

--
-- テーブルのインデックス `food_recipe`
--
ALTER TABLE `food_recipe`
  ADD PRIMARY KEY (`id`);

--
-- テーブルのインデックス `fridges`
--
ALTER TABLE `fridges`
  ADD PRIMARY KEY (`id`);

--
-- テーブルのインデックス `images`
--
ALTER TABLE `images`
  ADD PRIMARY KEY (`id`);

--
-- テーブルのインデックス `memos`
--
ALTER TABLE `memos`
  ADD PRIMARY KEY (`id`);

--
-- テーブルのインデックス `migrations`
--
ALTER TABLE `migrations`
  ADD PRIMARY KEY (`id`);

--
-- テーブルのインデックス `password_reset_tokens`
--
ALTER TABLE `password_reset_tokens`
  ADD PRIMARY KEY (`email`);

--
-- テーブルのインデックス `personal_access_tokens`
--
ALTER TABLE `personal_access_tokens`
  ADD PRIMARY KEY (`id`),
  ADD UNIQUE KEY `personal_access_tokens_token_unique` (`token`),
  ADD KEY `personal_access_tokens_tokenable_type_tokenable_id_index` (`tokenable_type`,`tokenable_id`);

--
-- テーブルのインデックス `pre-recipes`
--
ALTER TABLE `pre-recipes`
  ADD PRIMARY KEY (`id`);

--
-- テーブルのインデックス `recipes`
--
ALTER TABLE `recipes`
  ADD PRIMARY KEY (`id`);

--
-- テーブルのインデックス `users`
--
ALTER TABLE `users`
  ADD PRIMARY KEY (`id`),
  ADD UNIQUE KEY `users_email_unique` (`email`);

--
-- ダンプしたテーブルの AUTO_INCREMENT
--

--
-- テーブルの AUTO_INCREMENT `failed_jobs`
--
ALTER TABLE `failed_jobs`
  MODIFY `id` bigint(20) UNSIGNED NOT NULL AUTO_INCREMENT;

--
-- テーブルの AUTO_INCREMENT `favorites`
--
ALTER TABLE `favorites`
  MODIFY `id` int(11) NOT NULL AUTO_INCREMENT, AUTO_INCREMENT=36;

--
-- テーブルの AUTO_INCREMENT `foods`
--
ALTER TABLE `foods`
  MODIFY `id` int(8) NOT NULL AUTO_INCREMENT COMMENT '食材ID', AUTO_INCREMENT=185;

--
-- テーブルの AUTO_INCREMENT `food_recipe`
--
ALTER TABLE `food_recipe`
  MODIFY `id` int(8) NOT NULL AUTO_INCREMENT COMMENT 'ID', AUTO_INCREMENT=148;

--
-- テーブルの AUTO_INCREMENT `fridges`
--
ALTER TABLE `fridges`
  MODIFY `id` int(8) NOT NULL AUTO_INCREMENT COMMENT '冷蔵庫ID', AUTO_INCREMENT=113;

--
-- テーブルの AUTO_INCREMENT `images`
--
ALTER TABLE `images`
  MODIFY `id` bigint(20) UNSIGNED NOT NULL AUTO_INCREMENT, AUTO_INCREMENT=3;

--
-- テーブルの AUTO_INCREMENT `memos`
--
ALTER TABLE `memos`
  MODIFY `id` int(8) NOT NULL AUTO_INCREMENT COMMENT '買い物メモID', AUTO_INCREMENT=224;

--
-- テーブルの AUTO_INCREMENT `migrations`
--
ALTER TABLE `migrations`
  MODIFY `id` int(10) UNSIGNED NOT NULL AUTO_INCREMENT, AUTO_INCREMENT=6;

--
-- テーブルの AUTO_INCREMENT `personal_access_tokens`
--
ALTER TABLE `personal_access_tokens`
  MODIFY `id` bigint(20) UNSIGNED NOT NULL AUTO_INCREMENT;

--
-- テーブルの AUTO_INCREMENT `pre-recipes`
--
ALTER TABLE `pre-recipes`
  MODIFY `id` int(8) NOT NULL AUTO_INCREMENT COMMENT 'レシピID', AUTO_INCREMENT=9;

--
-- テーブルの AUTO_INCREMENT `recipes`
--
ALTER TABLE `recipes`
  MODIFY `id` int(8) NOT NULL AUTO_INCREMENT COMMENT 'ID', AUTO_INCREMENT=55;

--
-- テーブルの AUTO_INCREMENT `users`
--
ALTER TABLE `users`
  MODIFY `id` bigint(20) UNSIGNED NOT NULL AUTO_INCREMENT, AUTO_INCREMENT=5;
COMMIT;

/*!40101 SET CHARACTER_SET_CLIENT=@OLD_CHARACTER_SET_CLIENT */;
/*!40101 SET CHARACTER_SET_RESULTS=@OLD_CHARACTER_SET_RESULTS */;
/*!40101 SET COLLATION_CONNECTION=@OLD_COLLATION_CONNECTION */;
